timestep,cars_north_lane,cars_south_lane,cars_east_lane,cars_west_lane,light_state_north,light_state_south,light_state_east,light_state_west,north_avg_wait_time,south_avg_wait_time,east_avg_wait_time,west_avg_wait_time
1.0,0.0,0.0,0.0,0.0,1.0,1.0,0.0,0.0,0.0,0.0,0.0,0.0
2.0,0.0,0.0,0.0,0.0,1.0,1.0,0.0,0.0,0.0,0.0,0.0,0.0
3.0,0.0,0.0,0.0,0.0,1.0,1.0,0.0,0.0,0.0,0.0,0.0,0.0
4.0,0.0,0.0,0.0,0.0,1.0,1.0,0.0,0.0,0.0,0.0,0.0,0.0
5.0,0.0,0.0,0.0,0.0,1.0,1.0,0.0,0.0,0.0,0.0,0.0,0.0
6.0,0.0,0.0,0.0,0.0,1.0,1.0,0.0,0.0,0.0,0.0,0.0,0.0
7.0,0.0,0.0,1.0,1.0,1.0,1.0,0.0,0.0,0.0,0.0,0.0,0.0
8.0,0.0,0.0,1.0,1.0,1.0,1.0,0.0,0.0,0.0,0.0,1.0,1.0
9.0,0.0,0.0,1.0,1.0,1.0,1.0,0.0,0.0,0.0,0.0,2.0,2.0
10.0,0.0,0.0,1.0,1.0,1.0,1.0,0.0,0.0,0.0,0.0,3.0,3.0
11.0,0.0,0.0,2.0,2.0,1.0,1.0,0.0,0.0,0.0,0.0,2.0,2.0
12.0,0.0,0.0,2.0,2.0,1.0,1.0,0.0,0.0,0.0,0.0,3.0,3.0
13.0,0.0,0.0,2.0,2.0,1.0,1.0,0.0,0.0,0.0,0.0,4.0,4.0
14.0,0.0,0.0,2.0,2.0,1.0,1.0,0.0,0.0,0.0,0.0,5.0,5.0
15.0,0.0,0.0,2.0,2.0,1.0,1.0,0.0,0.0,0.0,0.0,6.0,6.0
16.0,0.0,0.0,2.0,2.0,1.0,1.0,0.0,0.0,0.0,0.0,7.0,7.0
17.0,0.0,0.0,3.0,3.0,1.0,1.0,0.0,0.0,0.0,0.0,5.333333333333333,5.333333333333333
18.0,0.0,0.0,3.0,3.0,1.0,1.0,0.0,0.0,0.0,0.0,6.333333333333333,6.333333333333333
19.0,0.0,0.0,3.0,3.0,1.0,1.0,0.0,0.0,0.0,0.0,7.333333333333333,7.333333333333333
20.0,0.0,0.0,3.0,3.0,1.0,1.0,0.0,0.0,0.0,0.0,8.333333333333334,8.333333333333334
21.0,0.0,0.0,3.0,3.0,1.0,1.0,0.0,0.0,0.0,0.0,9.333333333333334,9.333333333333334
22.0,0.0,0.0,3.0,3.0,1.0,1.0,0.0,0.0,0.0,0.0,10.333333333333334,10.333333333333334
23.0,0.0,0.0,4.0,4.0,1.0,1.0,0.0,0.0,0.0,0.0,8.5,8.5
24.0,0.0,0.0,5.0,5.0,0.0,0.0,1.0,1.0,0.0,0.0,7.6,7.6
25.0,0.0,0.0,4.0,4.0,0.0,0.0,1.0,1.0,0.0,0.0,6.25,6.25
26.0,0.0,0.0,4.0,4.0,0.0,0.0,1.0,1.0,0.0,0.0,3.5,3.5
27.0,0.0,0.0,3.0,3.0,0.0,0.0,1.0,1.0,0.0,0.0,2.6666666666666665,2.6666666666666665
28.0,0.0,0.0,3.0,3.0,0.0,0.0,1.0,1.0,0.0,0.0,2.0,2.0
29.0,0.0,0.0,2.0,2.0,0.0,0.0,1.0,1.0,0.0,0.0,2.0,2.0
30.0,0.0,0.0,2.0,2.0,0.0,0.0,1.0,1.0,0.0,0.0,1.0,1.0
31.0,0.0,0.0,1.0,1.0,0.0,0.0,1.0,1.0,0.0,0.0,1.0,1.0
32.0,0.0,0.0,0.0,0.0,0.0,0.0,1.0,1.0,0.0,0.0,0.0,0.0
33.0,0.0,0.0,0.0,0.0,0.0,0.0,1.0,1.0,0.0,0.0,0.0,0.0
34.0,1.0,1.0,0.0,0.0,0.0,0.0,1.0,1.0,0.0,0.0,0.0,0.0
35.0,1.0,1.0,0.0,0.0,0.0,0.0,1.0,1.0,1.0,1.0,0.0,0.0
36.0,1.0,1.0,0.0,0.0,0.0,0.0,1.0,1.0,2.0,2.0,0.0,0.0
37.0,1.0,1.0,0.0,0.0,0.0,0.0,1.0,1.0,3.0,3.0,0.0,0.0
38.0,2.0,2.0,0.0,0.0,0.0,0.0,1.0,1.0,2.0,2.0,0.0,0.0
39.0,3.0,3.0,0.0,0.0,0.0,0.0,1.0,1.0,2.0,2.0,0.0,0.0
40.0,3.0,3.0,0.0,0.0,0.0,0.0,1.0,1.0,3.0,3.0,0.0,0.0
41.0,3.0,3.0,0.0,0.0,0.0,0.0,1.0,1.0,4.0,4.0,0.0,0.0
42.0,4.0,4.0,0.0,0.0,0.0,0.0,1.0,1.0,3.75,3.75,0.0,0.0
43.0,5.0,5.0,0.0,0.0,1.0,1.0,0.0,0.0,3.8,3.8,0.0,0.0
44.0,4.0,4.0,0.0,0.0,1.0,1.0,0.0,0.0,3.5,3.5,0.0,0.0
45.0,3.0,3.0,0.0,0.0,1.0,1.0,0.0,0.0,3.6666666666666665,3.6666666666666665,0.0,0.0
46.0,2.0,2.0,0.0,0.0,1.0,1.0,0.0,0.0,3.5,3.5,0.0,0.0
47.0,1.0,1.0,0.0,0.0,1.0,1.0,0.0,0.0,4.0,4.0,0.0,0.0
48.0,1.0,1.0,0.0,0.0,1.0,1.0,0.0,0.0,0.0,0.0,0.0,0.0
49.0,0.0,0.0,0.0,0.0,1.0,1.0,0.0,0.0,0.0,0.0,0.0,0.0
50.0,0.0,0.0,0.0,0.0,1.0,1.0,0.0,0.0,0.0,0.0,0.0,0.0
51.0,0.0,0.0,0.0,0.0,1.0,1.0,0.0,0.0,0.0,0.0,0.0,0.0
52.0,0.0,0.0,1.0,1.0,1.0,1.0,0.0,0.0,0.0,0.0,0.0,0.0
53.0,0.0,0.0,1.0,1.0,1.0,1.0,0.0,0.0,0.0,0.0,1.0,1.0
54.0,0.0,0.0,1.0,1.0,1.0,1.0,0.0,0.0,0.0,0.0,2.0,2.0
55.0,0.0,0.0,1.0,1.0,1.0,1.0,0.0,0.0,0.0,0.0,3.0,3.0
56.0,0.0,0.0,1.0,1.0,1.0,1.0,0.0,0.0,0.0,0.0,4.0,4.0
57.0,0.0,0.0,1.0,1.0,1.0,1.0,0.0,0.0,0.0,0.0,5.0,5.0
58.0,0.0,0.0,1.0,1.0,1.0,1.0,0.0,0.0,0.0,0.0,6.0,6.0
59.0,0.0,0.0,1.0,1.0,1.0,1.0,0.0,0.0,0.0,0.0,7.0,7.0
60.0,0.0,0.0,1.0,1.0,1.0,1.0,0.0,0.0,0.0,0.0,8.0,8.0
61.0,0.0,0.0,1.0,1.0,1.0,1.0,0.0,0.0,0.0,0.0,9.0,9.0
62.0,0.0,0.0,1.0,1.0,1.0,1.0,0.0,0.0,0.0,0.0,10.0,10.0
63.0,0.0,0.0,2.0,2.0,1.0,1.0,0.0,0.0,0.0,0.0,5.5,5.5
64.0,0.0,0.0,2.0,2.0,1.0,1.0,0.0,0.0,0.0,0.0,6.5,6.5
65.0,0.0,0.0,3.0,3.0,1.0,1.0,0.0,0.0,0.0,0.0,5.0,5.0
66.0,0.0,0.0,4.0,4.0,1.0,1.0,0.0,0.0,0.0,0.0,4.5,4.5
67.0,0.0,0.0,4.0,4.0,1.0,1.0,0.0,0.0,0.0,0.0,5.5,5.5
68.0,0.0,0.0,5.0,5.0,1.0,1.0,0.0,0.0,0.0,0.0,5.2,5.2
69.0,0.0,0.0,5.0,5.0,1.0,1.0,0.0,0.0,0.0,0.0,6.2,6.2
70.0,0.0,0.0,6.0,6.0,1.0,1.0,0.0,0.0,0.0,0.0,6.0,6.0
71.0,0.0,0.0,6.0,6.0,1.0,1.0,0.0,0.0,0.0,0.0,7.0,7.0
72.0,0.0,0.0,7.0,7.0,1.0,1.0,0.0,0.0,0.0,0.0,6.857142857142857,6.857142857142857
73.0,0.0,0.0,7.0,7.0,1.0,1.0,0.0,0.0,0.0,0.0,7.857142857142857,7.857142857142857
74.0,0.0,0.0,7.0,7.0,1.0,1.0,0.0,0.0,0.0,0.0,8.857142857142858,8.857142857142858
75.0,0.0,0.0,7.0,7.0,0.0,0.0,1.0,1.0,0.0,0.0,9.857142857142858,9.857142857142858
76.0,0.0,0.0,6.0,6.0,0.0,0.0,1.0,1.0,0.0,0.0,8.666666666666666,8.666666666666666
77.0,0.0,0.0,5.0,5.0,0.0,0.0,1.0,1.0,0.0,0.0,8.8,8.8
78.0,0.0,0.0,4.0,4.0,0.0,0.0,1.0,1.0,0.0,0.0,9.0,9.0
79.0,0.0,0.0,3.0,3.0,0.0,0.0,1.0,1.0,0.0,0.0,9.0,9.0
80.0,0.0,0.0,2.0,2.0,0.0,0.0,1.0,1.0,0.0,0.0,9.0,9.0
81.0,1.0,1.0,1.0,1.0,0.0,0.0,1.0,1.0,0.0,0.0,9.0,9.0
82.0,2.0,2.0,0.0,0.0,0.0,0.0,1.0,1.0,0.5,0.5,0.0,0.0
83.0,2.0,2.0,0.0,0.0,0.0,0.0,1.0,1.0,1.5,1.5,0.0,0.0
84.0,2.0,2.0,0.0,0.0,0.0,0.0,1.0,1.0,2.5,2.5,0.0,0.0
85.0,2.0,2.0,0.0,0.0,0.0,0.0,1.0,1.0,3.5,3.5,0.0,0.0
86.0,2.0,2.0,0.0,0.0,0.0,0.0,1.0,1.0,4.5,4.5,0.0,0.0
87.0,2.0,2.0,0.0,0.0,0.0,0.0,1.0,1.0,5.5,5.5,0.0,0.0
88.0,3.0,3.0,0.0,0.0,0.0,0.0,1.0,1.0,4.333333333333333,4.333333333333333,0.0,0.0
89.0,3.0,3.0,0.0,0.0,0.0,0.0,1.0,1.0,5.333333333333333,5.333333333333333,0.0,0.0
90.0,3.0,3.0,0.0,0.0,0.0,0.0,1.0,1.0,6.333333333333333,6.333333333333333,0.0,0.0
91.0,3.0,3.0,0.0,0.0,0.0,0.0,1.0,1.0,7.333333333333333,7.333333333333333,0.0,0.0
92.0,3.0,3.0,0.0,0.0,0.0,0.0,1.0,1.0,8.333333333333334,8.333333333333334,0.0,0.0
93.0,3.0,3.0,0.0,0.0,0.0,0.0,1.0,1.0,9.333333333333334,9.333333333333334,0.0,0.0
94.0,3.0,3.0,0.0,0.0,1.0,1.0,0.0,0.0,10.333333333333334,10.333333333333334,0.0,0.0
95.0,2.0,2.0,0.0,0.0,1.0,1.0,0.0,0.0,10.0,10.0,0.0,0.0
96.0,2.0,2.0,1.0,1.0,1.0,1.0,0.0,0.0,4.0,4.0,0.0,0.0
97.0,1.0,1.0,1.0,1.0,1.0,1.0,0.0,0.0,1.0,1.0,1.0,1.0
98.0,0.0,0.0,1.0,1.0,1.0,1.0,0.0,0.0,0.0,0.0,2.0,2.0
99.0,0.0,0.0,1.0,1.0,1.0,1.0,0.0,0.0,0.0,0.0,3.0,3.0
100.0,0.0,0.0,1.0,1.0,1.0,1.0,0.0,0.0,0.0,0.0,4.0,4.0
101.0,0.0,0.0,1.0,1.0,1.0,1.0,0.0,0.0,0.0,0.0,5.0,5.0
102.0,0.0,0.0,1.0,1.0,1.0,1.0,0.0,0.0,0.0,0.0,6.0,6.0
103.0,0.0,0.0,2.0,2.0,1.0,1.0,0.0,0.0,0.0,0.0,3.5,3.5
104.0,0.0,0.0,2.0,2.0,1.0,1.0,0.0,0.0,0.0,0.0,4.5,4.5
105.0,0.0,0.0,2.0,2.0,1.0,1.0,0.0,0.0,0.0,0.0,5.5,5.5
106.0,0.0,0.0,2.0,2.0,1.0,1.0,0.0,0.0,0.0,0.0,6.5,6.5
107.0,0.0,0.0,2.0,2.0,1.0,1.0,0.0,0.0,0.0,0.0,7.5,7.5
108.0,0.0,0.0,2.0,2.0,1.0,1.0,0.0,0.0,0.0,0.0,8.5,8.5
109.0,0.0,0.0,2.0,2.0,1.0,1.0,0.0,0.0,0.0,0.0,9.5,9.5
110.0,0.0,0.0,2.0,2.0,1.0,1.0,0.0,0.0,0.0,0.0,10.5,10.5
111.0,0.0,0.0,2.0,2.0,1.0,1.0,0.0,0.0,0.0,0.0,11.5,11.5
112.0,0.0,0.0,2.0,2.0,1.0,1.0,0.0,0.0,0.0,0.0,12.5,12.5
113.0,0.0,0.0,2.0,2.0,1.0,1.0,0.0,0.0,0.0,0.0,13.5,13.5
114.0,0.0,0.0,2.0,2.0,1.0,1.0,0.0,0.0,0.0,0.0,14.5,14.5
115.0,0.0,0.0,3.0,3.0,1.0,1.0,0.0,0.0,0.0,0.0,10.333333333333334,10.333333333333334
116.0,0.0,0.0,3.0,3.0,1.0,1.0,0.0,0.0,0.0,0.0,11.333333333333334,11.333333333333334
117.0,0.0,0.0,4.0,4.0,1.0,1.0,0.0,0.0,0.0,0.0,9.25,9.25
118.0,0.0,0.0,4.0,4.0,1.0,1.0,0.0,0.0,0.0,0.0,10.25,10.25
119.0,0.0,0.0,4.0,4.0,1.0,1.0,0.0,0.0,0.0,0.0,11.25,11.25
120.0,0.0,0.0,4.0,4.0,1.0,1.0,0.0,0.0,0.0,0.0,12.25,12.25
121.0,0.0,0.0,4.0,4.0,1.0,1.0,0.0,0.0,0.0,0.0,13.25,13.25
122.0,0.0,0.0,4.0,4.0,1.0,1.0,0.0,0.0,0.0,0.0,14.25,14.25
123.0,0.0,0.0,4.0,4.0,1.0,1.0,0.0,0.0,0.0,0.0,15.25,15.25
124.0,0.0,0.0,4.0,4.0,0.0,0.0,1.0,1.0,0.0,0.0,16.25,16.25
125.0,0.0,0.0,3.0,3.0,0.0,0.0,1.0,1.0,0.0,0.0,13.333333333333334,13.333333333333334
126.0,0.0,0.0,2.0,2.0,0.0,0.0,1.0,1.0,0.0,0.0,10.0,10.0
127.0,0.0,0.0,1.0,1.0,0.0,0.0,1.0,1.0,0.0,0.0,10.0,10.0
128.0,0.0,0.0,0.0,0.0,0.0,0.0,1.0,1.0,0.0,0.0,0.0,0.0
129.0,0.0,0.0,0.0,0.0,0.0,0.0,1.0,1.0,0.0,0.0,0.0,0.0
130.0,1.0,1.0,0.0,0.0,0.0,0.0,1.0,1.0,0.0,0.0,0.0,0.0
131.0,1.0,1.0,0.0,0.0,0.0,0.0,1.0,1.0,1.0,1.0,0.0,0.0
132.0,1.0,1.0,0.0,0.0,0.0,0.0,1.0,1.0,2.0,2.0,0.0,0.0
133.0,2.0,2.0,0.0,0.0,0.0,0.0,1.0,1.0,1.5,1.5,0.0,0.0
134.0,2.0,2.0,0.0,0.0,0.0,0.0,1.0,1.0,2.5,2.5,0.0,0.0
135.0,2.0,2.0,0.0,0.0,0.0,0.0,1.0,1.0,3.5,3.5,0.0,0.0
136.0,2.0,2.0,0.0,0.0,0.0,0.0,1.0,1.0,4.5,4.5,0.0,0.0
137.0,3.0,3.0,0.0,0.0,0.0,0.0,1.0,1.0,3.6666666666666665,3.6666666666666665,0.0,0.0
138.0,3.0,3.0,0.0,0.0,0.0,0.0,1.0,1.0,4.666666666666667,4.666666666666667,0.0,0.0
139.0,3.0,3.0,0.0,0.0,0.0,0.0,1.0,1.0,5.666666666666667,5.666666666666667,0.0,0.0
140.0,4.0,4.0,0.0,0.0,0.0,0.0,1.0,1.0,5.0,5.0,0.0,0.0
141.0,5.0,5.0,0.0,0.0,0.0,0.0,1.0,1.0,4.8,4.8,0.0,0.0
142.0,6.0,6.0,0.0,0.0,0.0,0.0,1.0,1.0,4.833333333333333,4.833333333333333,0.0,0.0
143.0,6.0,6.0,0.0,0.0,1.0,1.0,0.0,0.0,5.833333333333333,5.833333333333333,0.0,0.0
144.0,5.0,5.0,0.0,0.0,1.0,1.0,0.0,0.0,5.4,5.4,0.0,0.0
145.0,4.0,4.0,0.0,0.0,1.0,1.0,0.0,0.0,5.0,5.0,0.0,0.0
146.0,3.0,3.0,0.0,0.0,1.0,1.0,0.0,0.0,5.0,5.0,0.0,0.0
147.0,2.0,2.0,1.0,1.0,1.0,1.0,0.0,0.0,5.5,5.5,0.0,0.0
148.0,1.0,1.0,1.0,1.0,1.0,1.0,0.0,0.0,6.0,6.0,1.0,1.0
149.0,0.0,0.0,1.0,1.0,1.0,1.0,0.0,0.0,0.0,0.0,2.0,2.0
150.0,0.0,0.0,1.0,1.0,1.0,1.0,0.0,0.0,0.0,0.0,3.0,3.0
151.0,0.0,0.0,2.0,2.0,1.0,1.0,0.0,0.0,0.0,0.0,2.0,2.0
152.0,0.0,0.0,3.0,3.0,1.0,1.0,0.0,0.0,0.0,0.0,2.0,2.0
153.0,0.0,0.0,4.0,4.0,1.0,1.0,0.0,0.0,0.0,0.0,2.25,2.25
154.0,0.0,0.0,4.0,4.0,1.0,1.0,0.0,0.0,0.0,0.0,3.25,3.25
155.0,0.0,0.0,4.0,4.0,1.0,1.0,0.0,0.0,0.0,0.0,4.25,4.25
156.0,0.0,0.0,4.0,4.0,1.0,1.0,0.0,0.0,0.0,0.0,5.25,5.25
157.0,0.0,0.0,5.0,5.0,1.0,1.0,0.0,0.0,0.0,0.0,5.0,5.0
158.0,0.0,0.0,6.0,6.0,1.0,1.0,0.0,0.0,0.0,0.0,5.0,5.0
159.0,0.0,0.0,6.0,6.0,1.0,1.0,0.0,0.0,0.0,0.0,6.0,6.0
160.0,0.0,0.0,7.0,7.0,1.0,1.0,0.0,0.0,0.0,0.0,6.0,6.0
161.0,0.0,0.0,8.0,8.0,1.0,1.0,0.0,0.0,0.0,0.0,6.125,6.125
162.0,0.0,0.0,8.0,8.0,1.0,1.0,0.0,0.0,0.0,0.0,7.125,7.125
163.0,0.0,0.0,8.0,8.0,1.0,1.0,0.0,0.0,0.0,0.0,8.125,8.125
164.0,0.0,0.0,8.0,8.0,1.0,1.0,0.0,0.0,0.0,0.0,9.125,9.125
165.0,0.0,0.0,9.0,9.0,1.0,1.0,0.0,0.0,0.0,0.0,9.0,9.0
166.0,0.0,0.0,10.0,10.0,1.0,1.0,0.0,0.0,0.0,0.0,9.0,9.0
167.0,0.0,0.0,10.0,10.0,1.0,1.0,0.0,0.0,0.0,0.0,10.0,10.0
168.0,0.0,0.0,10.0,10.0,1.0,1.0,0.0,0.0,0.0,0.0,11.0,11.0
169.0,0.0,0.0,11.0,11.0,0.0,0.0,1.0,1.0,0.0,0.0,10.909090909090908,10.909090909090908
170.0,0.0,0.0,11.0,11.0,0.0,0.0,1.0,1.0,0.0,0.0,9.818181818181818,9.818181818181818
171.0,0.0,0.0,11.0,11.0,0.0,0.0,1.0,1.0,0.0,0.0,9.0,9.0
172.0,0.0,0.0,10.0,10.0,0.0,0.0,1.0,1.0,0.0,0.0,9.0,9.0
173.0,0.0,0.0,9.0,9.0,0.0,0.0,1.0,1.0,0.0,0.0,8.88888888888889,8.88888888888889
174.0,0.0,0.0,8.0,8.0,0.0,0.0,1.0,1.0,0.0,0.0,9.0,9.0
175.0,0.0,0.0,7.0,7.0,0.0,0.0,1.0,1.0,0.0,0.0,9.0,9.0
176.0,0.0,0.0,6.0,6.0,0.0,0.0,1.0,1.0,0.0,0.0,9.0,9.0
177.0,1.0,1.0,6.0,6.0,0.0,0.0,1.0,1.0,0.0,0.0,7.333333333333333,7.333333333333333
178.0,1.0,1.0,5.0,5.0,0.0,0.0,1.0,1.0,1.0,1.0,7.4,7.4
179.0,1.0,1.0,4.0,4.0,0.0,0.0,1.0,1.0,2.0,2.0,7.25,7.25
180.0,1.0,1.0,3.0,3.0,0.0,0.0,1.0,1.0,3.0,3.0,7.333333333333333,7.333333333333333
181.0,1.0,1.0,2.0,2.0,0.0,0.0,1.0,1.0,4.0,4.0,7.0,7.0
182.0,2.0,2.0,2.0,2.0,0.0,0.0,1.0,1.0,2.5,2.5,2.5,2.5
183.0,3.0,3.0,2.0,2.0,0.0,0.0,1.0,1.0,2.3333333333333335,2.3333333333333335,0.5,0.5
184.0,3.0,3.0,1.0,1.0,0.0,0.0,1.0,1.0,3.3333333333333335,3.3333333333333335,1.0,1.0
185.0,3.0,3.0,0.0,0.0,0.0,0.0,1.0,1.0,4.333333333333333,4.333333333333333,0.0,0.0
186.0,3.0,3.0,0.0,0.0,0.0,0.0,1.0,1.0,5.333333333333333,5.333333333333333,0.0,0.0
187.0,3.0,3.0,0.0,0.0,0.0,0.0,1.0,1.0,6.333333333333333,6.333333333333333,0.0,0.0
188.0,3.0,3.0,0.0,0.0,0.0,0.0,1.0,1.0,7.333333333333333,7.333333333333333,0.0,0.0
189.0,3.0,3.0,0.0,0.0,0.0,0.0,1.0,1.0,8.333333333333334,8.333333333333334,0.0,0.0
190.0,3.0,3.0,0.0,0.0,0.0,0.0,1.0,1.0,9.333333333333334,9.333333333333334,0.0,0.0
191.0,4.0,4.0,0.0,0.0,0.0,0.0,1.0,1.0,7.75,7.75,0.0,0.0
192.0,4.0,4.0,0.0,0.0,0.0,0.0,1.0,1.0,8.75,8.75,0.0,0.0
193.0,5.0,5.0,0.0,0.0,0.0,0.0,1.0,1.0,7.8,7.8,0.0,0.0
194.0,6.0,6.0,0.0,0.0,1.0,1.0,0.0,0.0,7.333333333333333,7.333333333333333,0.0,0.0
195.0,5.0,5.0,0.0,0.0,1.0,1.0,0.0,0.0,6.4,6.4,0.0,0.0
196.0,4.0,4.0,0.0,0.0,1.0,1.0,0.0,0.0,5.75,5.75,0.0,0.0
197.0,4.0,4.0,0.0,0.0,1.0,1.0,0.0,0.0,3.25,3.25,0.0,0.0
198.0,4.0,4.0,0.0,0.0,1.0,1.0,0.0,0.0,2.5,2.5,0.0,0.0
199.0,3.0,3.0,0.0,0.0,1.0,1.0,0.0,0.0,2.6666666666666665,2.6666666666666665,0.0,0.0
200.0,3.0,3.0,0.0,0.0,1.0,1.0,0.0,0.0,1.6666666666666667,1.6666666666666667,0.0,0.0
201.0,2.0,2.0,0.0,0.0,1.0,1.0,0.0,0.0,2.0,2.0,0.0,0.0
202.0,1.0,1.0,0.0,0.0,1.0,1.0,0.0,0.0,2.0,2.0,0.0,0.0
203.0,0.0,0.0,0.0,0.0,1.0,1.0,0.0,0.0,0.0,0.0,0.0,0.0
204.0,0.0,0.0,0.0,0.0,1.0,1.0,0.0,0.0,0.0,0.0,0.0,0.0
205.0,0.0,0.0,0.0,0.0,1.0,1.0,0.0,0.0,0.0,0.0,0.0,0.0
206.0,0.0,0.0,0.0,0.0,1.0,1.0,0.0,0.0,0.0,0.0,0.0,0.0
207.0,0.0,0.0,0.0,0.0,1.0,1.0,0.0,0.0,0.0,0.0,0.0,0.0
208.0,0.0,0.0,0.0,0.0,1.0,1.0,0.0,0.0,0.0,0.0,0.0,0.0
209.0,0.0,0.0,0.0,0.0,1.0,1.0,0.0,0.0,0.0,0.0,0.0,0.0
210.0,0.0,0.0,0.0,0.0,1.0,1.0,0.0,0.0,0.0,0.0,0.0,0.0
211.0,0.0,0.0,0.0,0.0,1.0,1.0,0.0,0.0,0.0,0.0,0.0,0.0
212.0,0.0,0.0,1.0,1.0,1.0,1.0,0.0,0.0,0.0,0.0,0.0,0.0
213.0,0.0,0.0,1.0,1.0,1.0,1.0,0.0,0.0,0.0,0.0,1.0,1.0
214.0,0.0,0.0,1.0,1.0,1.0,1.0,0.0,0.0,0.0,0.0,2.0,2.0
215.0,0.0,0.0,1.0,1.0,1.0,1.0,0.0,0.0,0.0,0.0,3.0,3.0
216.0,0.0,0.0,1.0,1.0,1.0,1.0,0.0,0.0,0.0,0.0,4.0,4.0
217.0,0.0,0.0,1.0,1.0,1.0,1.0,0.0,0.0,0.0,0.0,5.0,5.0
218.0,0.0,0.0,1.0,1.0,1.0,1.0,0.0,0.0,0.0,0.0,6.0,6.0
219.0,0.0,0.0,2.0,2.0,1.0,1.0,0.0,0.0,0.0,0.0,3.5,3.5
220.0,0.0,0.0,2.0,2.0,1.0,1.0,0.0,0.0,0.0,0.0,4.5,4.5
221.0,0.0,0.0,2.0,2.0,1.0,1.0,0.0,0.0,0.0,0.0,5.5,5.5
222.0,0.0,0.0,2.0,2.0,1.0,1.0,0.0,0.0,0.0,0.0,6.5,6.5
223.0,0.0,0.0,2.0,2.0,1.0,1.0,0.0,0.0,0.0,0.0,7.5,7.5
224.0,0.0,0.0,2.0,2.0,1.0,1.0,0.0,0.0,0.0,0.0,8.5,8.5
225.0,0.0,0.0,2.0,2.0,1.0,1.0,0.0,0.0,0.0,0.0,9.5,9.5
226.0,0.0,0.0,2.0,2.0,0.0,0.0,1.0,1.0,0.0,0.0,10.5,10.5
227.0,1.0,1.0,1.0,1.0,0.0,0.0,1.0,1.0,0.0,0.0,8.0,8.0
228.0,1.0,1.0,0.0,0.0,0.0,0.0,1.0,1.0,1.0,1.0,0.0,0.0
229.0,1.0,1.0,0.0,0.0,0.0,0.0,1.0,1.0,2.0,2.0,0.0,0.0
230.0,1.0,1.0,0.0,0.0,0.0,0.0,1.0,1.0,3.0,3.0,0.0,0.0
231.0,1.0,1.0,0.0,0.0,0.0,0.0,1.0,1.0,4.0,4.0,0.0,0.0
232.0,1.0,1.0,0.0,0.0,0.0,0.0,1.0,1.0,5.0,5.0,0.0,0.0
233.0,1.0,1.0,0.0,0.0,0.0,0.0,1.0,1.0,6.0,6.0,0.0,0.0
234.0,1.0,1.0,0.0,0.0,0.0,0.0,1.0,1.0,7.0,7.0,0.0,0.0
235.0,1.0,1.0,0.0,0.0,0.0,0.0,1.0,1.0,8.0,8.0,0.0,0.0
236.0,2.0,2.0,0.0,0.0,0.0,0.0,1.0,1.0,4.5,4.5,0.0,0.0
237.0,3.0,3.0,0.0,0.0,0.0,0.0,1.0,1.0,3.6666666666666665,3.6666666666666665,0.0,0.0
238.0,3.0,3.0,0.0,0.0,0.0,0.0,1.0,1.0,4.666666666666667,4.666666666666667,0.0,0.0
239.0,3.0,3.0,0.0,0.0,0.0,0.0,1.0,1.0,5.666666666666667,5.666666666666667,0.0,0.0
240.0,3.0,3.0,0.0,0.0,0.0,0.0,1.0,1.0,6.666666666666667,6.666666666666667,0.0,0.0
241.0,3.0,3.0,0.0,0.0,0.0,0.0,1.0,1.0,7.666666666666667,7.666666666666667,0.0,0.0
242.0,4.0,4.0,0.0,0.0,0.0,0.0,1.0,1.0,6.5,6.5,0.0,0.0
243.0,4.0,4.0,0.0,0.0,0.0,0.0,1.0,1.0,7.5,7.5,0.0,0.0
244.0,4.0,4.0,0.0,0.0,0.0,0.0,1.0,1.0,8.5,8.5,0.0,0.0
245.0,5.0,5.0,0.0,0.0,0.0,0.0,1.0,1.0,7.6,7.6,0.0,0.0
246.0,5.0,5.0,0.0,0.0,0.0,0.0,1.0,1.0,8.6,8.6,0.0,0.0
247.0,5.0,5.0,0.0,0.0,1.0,1.0,0.0,0.0,9.6,9.6,0.0,0.0
248.0,5.0,5.0,0.0,0.0,1.0,1.0,0.0,0.0,6.4,6.4,0.0,0.0
249.0,4.0,4.0,0.0,0.0,1.0,1.0,0.0,0.0,6.0,6.0,0.0,0.0
250.0,3.0,3.0,0.0,0.0,1.0,1.0,0.0,0.0,5.0,5.0,0.0,0.0
251.0,2.0,2.0,0.0,0.0,1.0,1.0,0.0,0.0,4.5,4.5,0.0,0.0
252.0,1.0,1.0,0.0,0.0,1.0,1.0,0.0,0.0,4.0,4.0,0.0,0.0
253.0,0.0,0.0,0.0,0.0,1.0,1.0,0.0,0.0,0.0,0.0,0.0,0.0
254.0,0.0,0.0,0.0,0.0,1.0,1.0,0.0,0.0,0.0,0.0,0.0,0.0
255.0,0.0,0.0,1.0,1.0,1.0,1.0,0.0,0.0,0.0,0.0,0.0,0.0
256.0,0.0,0.0,1.0,1.0,1.0,1.0,0.0,0.0,0.0,0.0,1.0,1.0
257.0,0.0,0.0,1.0,1.0,1.0,1.0,0.0,0.0,0.0,0.0,2.0,2.0
258.0,0.0,0.0,2.0,2.0,1.0,1.0,0.0,0.0,0.0,0.0,1.5,1.5
259.0,0.0,0.0,2.0,2.0,1.0,1.0,0.0,0.0,0.0,0.0,2.5,2.5
260.0,0.0,0.0,2.0,2.0,1.0,1.0,0.0,0.0,0.0,0.0,3.5,3.5
261.0,0.0,0.0,2.0,2.0,1.0,1.0,0.0,0.0,0.0,0.0,4.5,4.5
262.0,0.0,0.0,2.0,2.0,1.0,1.0,0.0,0.0,0.0,0.0,5.5,5.5
263.0,0.0,0.0,2.0,2.0,1.0,1.0,0.0,0.0,0.0,0.0,6.5,6.5
264.0,0.0,0.0,2.0,2.0,1.0,1.0,0.0,0.0,0.0,0.0,7.5,7.5
265.0,0.0,0.0,2.0,2.0,1.0,1.0,0.0,0.0,0.0,0.0,8.5,8.5
266.0,0.0,0.0,2.0,2.0,1.0,1.0,0.0,0.0,0.0,0.0,9.5,9.5
267.0,0.0,0.0,2.0,2.0,1.0,1.0,0.0,0.0,0.0,0.0,10.5,10.5
268.0,0.0,0.0,2.0,2.0,1.0,1.0,0.0,0.0,0.0,0.0,11.5,11.5
269.0,0.0,0.0,2.0,2.0,1.0,1.0,0.0,0.0,0.0,0.0,12.5,12.5
270.0,0.0,0.0,2.0,2.0,1.0,1.0,0.0,0.0,0.0,0.0,13.5,13.5
271.0,0.0,0.0,3.0,3.0,1.0,1.0,0.0,0.0,0.0,0.0,9.666666666666666,9.666666666666666
272.0,0.0,0.0,3.0,3.0,0.0,0.0,1.0,1.0,0.0,0.0,10.666666666666666,10.666666666666666
273.0,0.0,0.0,2.0,2.0,0.0,0.0,1.0,1.0,0.0,0.0,8.5,8.5
274.0,0.0,0.0,1.0,1.0,0.0,0.0,1.0,1.0,0.0,0.0,3.0,3.0
275.0,0.0,0.0,0.0,0.0,0.0,0.0,1.0,1.0,0.0,0.0,0.0,0.0
276.0,1.0,1.0,0.0,0.0,0.0,0.0,1.0,1.0,0.0,0.0,0.0,0.0
277.0,1.0,1.0,0.0,0.0,0.0,0.0,1.0,1.0,1.0,1.0,0.0,0.0
278.0,1.0,1.0,0.0,0.0,0.0,0.0,1.0,1.0,2.0,2.0,0.0,0.0
279.0,2.0,2.0,0.0,0.0,0.0,0.0,1.0,1.0,1.5,1.5,0.0,0.0
280.0,2.0,2.0,0.0,0.0,0.0,0.0,1.0,1.0,2.5,2.5,0.0,0.0
281.0,3.0,3.0,0.0,0.0,0.0,0.0,1.0,1.0,2.3333333333333335,2.3333333333333335,0.0,0.0
282.0,4.0,4.0,0.0,0.0,0.0,0.0,1.0,1.0,2.5,2.5,0.0,0.0
283.0,4.0,4.0,0.0,0.0,0.0,0.0,1.0,1.0,3.5,3.5,0.0,0.0
284.0,4.0,4.0,0.0,0.0,0.0,0.0,1.0,1.0,4.5,4.5,0.0,0.0
285.0,4.0,4.0,0.0,0.0,0.0,0.0,1.0,1.0,5.5,5.5,0.0,0.0
286.0,5.0,5.0,0.0,0.0,0.0,0.0,1.0,1.0,5.2,5.2,0.0,0.0
287.0,6.0,6.0,0.0,0.0,0.0,0.0,1.0,1.0,5.166666666666667,5.166666666666667,0.0,0.0
288.0,6.0,6.0,0.0,0.0,0.0,0.0,1.0,1.0,6.166666666666667,6.166666666666667,0.0,0.0
289.0,6.0,6.0,0.0,0.0,0.0,0.0,1.0,1.0,7.166666666666667,7.166666666666667,0.0,0.0
290.0,7.0,7.0,0.0,0.0,0.0,0.0,1.0,1.0,7.0,7.0,0.0,0.0
291.0,7.0,7.0,0.0,0.0,0.0,0.0,1.0,1.0,8.0,8.0,0.0,0.0
292.0,7.0,7.0,0.0,0.0,0.0,0.0,1.0,1.0,9.0,9.0,0.0,0.0
293.0,8.0,8.0,0.0,0.0,0.0,0.0,1.0,1.0,8.75,8.75,0.0,0.0
294.0,8.0,8.0,0.0,0.0,0.0,0.0,1.0,1.0,9.75,9.75,0.0,0.0
295.0,9.0,9.0,0.0,0.0,1.0,1.0,0.0,0.0,9.555555555555555,9.555555555555555,0.0,0.0
296.0,8.0,8.0,0.0,0.0,1.0,1.0,0.0,0.0,9.375,9.375,0.0,0.0
297.0,7.0,7.0,0.0,0.0,1.0,1.0,0.0,0.0,9.285714285714286,9.285714285714286,0.0,0.0
298.0,6.0,6.0,0.0,0.0,1.0,1.0,0.0,0.0,9.166666666666666,9.166666666666666,0.0,0.0
299.0,5.0,5.0,0.0,0.0,1.0,1.0,0.0,0.0,8.8,8.8,0.0,0.0
300.0,5.0,5.0,0.0,0.0,1.0,1.0,0.0,0.0,7.0,7.0,0.0,0.0
301.0,4.0,4.0,0.0,0.0,1.0,1.0,0.0,0.0,6.5,6.5,0.0,0.0
302.0,3.0,3.0,0.0,0.0,1.0,1.0,0.0,0.0,6.0,6.0,0.0,0.0
303.0,2.0,2.0,0.0,0.0,1.0,1.0,0.0,0.0,5.5,5.5,0.0,0.0
304.0,2.0,2.0,1.0,1.0,1.0,1.0,0.0,0.0,2.0,2.0,0.0,0.0
305.0,2.0,2.0,2.0,2.0,1.0,1.0,0.0,0.0,0.5,0.5,0.5,0.5
306.0,2.0,2.0,2.0,2.0,1.0,1.0,0.0,0.0,0.5,0.5,1.5,1.5
307.0,2.0,2.0,3.0,3.0,1.0,1.0,0.0,0.0,0.5,0.5,1.6666666666666667,1.6666666666666667
308.0,1.0,1.0,3.0,3.0,1.0,1.0,0.0,0.0,1.0,1.0,2.6666666666666665,2.6666666666666665
309.0,1.0,1.0,4.0,4.0,1.0,1.0,0.0,0.0,0.0,0.0,2.75,2.75
310.0,0.0,0.0,4.0,4.0,1.0,1.0,0.0,0.0,0.0,0.0,3.75,3.75
311.0,0.0,0.0,4.0,4.0,1.0,1.0,0.0,0.0,0.0,0.0,4.75,4.75
312.0,0.0,0.0,5.0,5.0,1.0,1.0,0.0,0.0,0.0,0.0,4.6,4.6
313.0,0.0,0.0,5.0,5.0,1.0,1.0,0.0,0.0,0.0,0.0,5.6,5.6
314.0,0.0,0.0,5.0,5.0,1.0,1.0,0.0,0.0,0.0,0.0,6.6,6.6
315.0,0.0,0.0,5.0,5.0,1.0,1.0,0.0,0.0,0.0,0.0,7.6,7.6
316.0,0.0,0.0,5.0,5.0,1.0,1.0,0.0,0.0,0.0,0.0,8.6,8.6
317.0,0.0,0.0,5.0,5.0,1.0,1.0,0.0,0.0,0.0,0.0,9.6,9.6
318.0,0.0,0.0,5.0,5.0,1.0,1.0,0.0,0.0,0.0,0.0,10.6,10.6
319.0,0.0,0.0,5.0,5.0,1.0,1.0,0.0,0.0,0.0,0.0,11.6,11.6
320.0,0.0,0.0,5.0,5.0,0.0,0.0,1.0,1.0,0.0,0.0,12.6,12.6
321.0,1.0,1.0,5.0,5.0,0.0,0.0,1.0,1.0,0.0,0.0,10.2,10.2
322.0,1.0,1.0,4.0,4.0,0.0,0.0,1.0,1.0,1.0,1.0,9.75,9.75
323.0,2.0,2.0,4.0,4.0,0.0,0.0,1.0,1.0,1.0,1.0,6.75,6.75
324.0,2.0,2.0,3.0,3.0,0.0,0.0,1.0,1.0,2.0,2.0,5.333333333333333,5.333333333333333
325.0,2.0,2.0,2.0,2.0,0.0,0.0,1.0,1.0,3.0,3.0,3.0,3.0
326.0,2.0,2.0,1.0,1.0,0.0,0.0,1.0,1.0,4.0,4.0,3.0,3.0
327.0,2.0,2.0,0.0,0.0,0.0,0.0,1.0,1.0,5.0,5.0,0.0,0.0
328.0,2.0,2.0,0.0,0.0,0.0,0.0,1.0,1.0,6.0,6.0,0.0,0.0
329.0,2.0,2.0,0.0,0.0,0.0,0.0,1.0,1.0,7.0,7.0,0.0,0.0
330.0,2.0,2.0,0.0,0.0,0.0,0.0,1.0,1.0,8.0,8.0,0.0,0.0
331.0,2.0,2.0,0.0,0.0,0.0,0.0,1.0,1.0,9.0,9.0,0.0,0.0
332.0,3.0,3.0,0.0,0.0,0.0,0.0,1.0,1.0,6.666666666666667,6.666666666666667,0.0,0.0
333.0,3.0,3.0,0.0,0.0,0.0,0.0,1.0,1.0,7.666666666666667,7.666666666666667,0.0,0.0
334.0,3.0,3.0,0.0,0.0,0.0,0.0,1.0,1.0,8.666666666666666,8.666666666666666,0.0,0.0
335.0,4.0,4.0,0.0,0.0,0.0,0.0,1.0,1.0,7.25,7.25,0.0,0.0
336.0,4.0,4.0,0.0,0.0,0.0,0.0,1.0,1.0,8.25,8.25,0.0,0.0
337.0,5.0,5.0,0.0,0.0,0.0,0.0,1.0,1.0,7.4,7.4,0.0,0.0
338.0,6.0,6.0,0.0,0.0,0.0,0.0,1.0,1.0,7.0,7.0,0.0,0.0
339.0,6.0,6.0,0.0,0.0,0.0,0.0,1.0,1.0,8.0,8.0,0.0,0.0
340.0,7.0,7.0,0.0,0.0,0.0,0.0,1.0,1.0,7.714285714285714,7.714285714285714,0.0,0.0
341.0,7.0,7.0,0.0,0.0,0.0,0.0,1.0,1.0,8.714285714285714,8.714285714285714,0.0,0.0
342.0,7.0,7.0,0.0,0.0,0.0,0.0,1.0,1.0,9.714285714285714,9.714285714285714,0.0,0.0
343.0,7.0,7.0,0.0,0.0,0.0,0.0,1.0,1.0,10.714285714285714,10.714285714285714,0.0,0.0
344.0,7.0,7.0,0.0,0.0,0.0,0.0,1.0,1.0,11.714285714285714,11.714285714285714,0.0,0.0
345.0,7.0,7.0,0.0,0.0,0.0,0.0,1.0,1.0,12.714285714285714,12.714285714285714,0.0,0.0
346.0,7.0,7.0,0.0,0.0,0.0,0.0,1.0,1.0,13.714285714285714,13.714285714285714,0.0,0.0
347.0,7.0,7.0,0.0,0.0,1.0,1.0,0.0,0.0,14.714285714285714,14.714285714285714,0.0,0.0
348.0,6.0,6.0,0.0,0.0,1.0,1.0,0.0,0.0,13.833333333333334,13.833333333333334,0.0,0.0
349.0,5.0,5.0,0.0,0.0,1.0,1.0,0.0,0.0,12.6,12.6,0.0,0.0
350.0,4.0,4.0,0.0,0.0,1.0,1.0,0.0,0.0,12.5,12.5,0.0,0.0
351.0,3.0,3.0,0.0,0.0,1.0,1.0,0.0,0.0,12.666666666666666,12.666666666666666,0.0,0.0
352.0,2.0,2.0,0.0,0.0,1.0,1.0,0.0,0.0,13.0,13.0,0.0,0.0
353.0,1.0,1.0,0.0,0.0,1.0,1.0,0.0,0.0,13.0,13.0,0.0,0.0
354.0,0.0,0.0,0.0,0.0,1.0,1.0,0.0,0.0,0.0,0.0,0.0,0.0
355.0,0.0,0.0,0.0,0.0,1.0,1.0,0.0,0.0,0.0,0.0,0.0,0.0
356.0,0.0,0.0,0.0,0.0,1.0,1.0,0.0,0.0,0.0,0.0,0.0,0.0
357.0,0.0,0.0,1.0,1.0,1.0,1.0,0.0,0.0,0.0,0.0,0.0,0.0
358.0,0.0,0.0,1.0,1.0,1.0,1.0,0.0,0.0,0.0,0.0,1.0,1.0
359.0,0.0,0.0,1.0,1.0,1.0,1.0,0.0,0.0,0.0,0.0,2.0,2.0
360.0,0.0,0.0,1.0,1.0,1.0,1.0,0.0,0.0,0.0,0.0,3.0,3.0
361.0,0.0,0.0,1.0,1.0,1.0,1.0,0.0,0.0,0.0,0.0,4.0,4.0
362.0,0.0,0.0,1.0,1.0,1.0,1.0,0.0,0.0,0.0,0.0,5.0,5.0
363.0,0.0,0.0,1.0,1.0,1.0,1.0,0.0,0.0,0.0,0.0,6.0,6.0
364.0,0.0,0.0,1.0,1.0,1.0,1.0,0.0,0.0,0.0,0.0,7.0,7.0
365.0,0.0,0.0,1.0,1.0,1.0,1.0,0.0,0.0,0.0,0.0,8.0,8.0
366.0,0.0,0.0,1.0,1.0,1.0,1.0,0.0,0.0,0.0,0.0,9.0,9.0
367.0,0.0,0.0,1.0,1.0,1.0,1.0,0.0,0.0,0.0,0.0,10.0,10.0
368.0,0.0,0.0,1.0,1.0,1.0,1.0,0.0,0.0,0.0,0.0,11.0,11.0
369.0,0.0,0.0,1.0,1.0,1.0,1.0,0.0,0.0,0.0,0.0,12.0,12.0
370.0,0.0,0.0,1.0,1.0,1.0,1.0,0.0,0.0,0.0,0.0,13.0,13.0
371.0,0.0,0.0,1.0,1.0,1.0,1.0,0.0,0.0,0.0,0.0,14.0,14.0
372.0,0.0,0.0,1.0,1.0,0.0,0.0,1.0,1.0,0.0,0.0,15.0,15.0
373.0,0.0,0.0,1.0,1.0,0.0,0.0,1.0,1.0,0.0,0.0,0.0,0.0
374.0,0.0,0.0,0.0,0.0,0.0,0.0,1.0,1.0,0.0,0.0,0.0,0.0
375.0,0.0,0.0,0.0,0.0,0.0,0.0,1.0,1.0,0.0,0.0,0.0,0.0
376.0,0.0,0.0,0.0,0.0,0.0,0.0,1.0,1.0,0.0,0.0,0.0,0.0
377.0,0.0,0.0,0.0,0.0,0.0,0.0,1.0,1.0,0.0,0.0,0.0,0.0
378.0,1.0,1.0,0.0,0.0,0.0,0.0,1.0,1.0,0.0,0.0,0.0,0.0
379.0,1.0,1.0,0.0,0.0,0.0,0.0,1.0,1.0,1.0,1.0,0.0,0.0
380.0,1.0,1.0,0.0,0.0,0.0,0.0,1.0,1.0,2.0,2.0,0.0,0.0
381.0,1.0,1.0,0.0,0.0,0.0,0.0,1.0,1.0,3.0,3.0,0.0,0.0
382.0,1.0,1.0,0.0,0.0,0.0,0.0,1.0,1.0,4.0,4.0,0.0,0.0
383.0,2.0,2.0,0.0,0.0,0.0,0.0,1.0,1.0,2.5,2.5,0.0,0.0
384.0,3.0,3.0,0.0,0.0,0.0,0.0,1.0,1.0,2.3333333333333335,2.3333333333333335,0.0,0.0
385.0,3.0,3.0,0.0,0.0,0.0,0.0,1.0,1.0,3.3333333333333335,3.3333333333333335,0.0,0.0
386.0,4.0,4.0,0.0,0.0,0.0,0.0,1.0,1.0,3.25,3.25,0.0,0.0
387.0,5.0,5.0,0.0,0.0,0.0,0.0,1.0,1.0,3.4,3.4,0.0,0.0
388.0,5.0,5.0,0.0,0.0,0.0,0.0,1.0,1.0,4.4,4.4,0.0,0.0
389.0,5.0,5.0,0.0,0.0,0.0,0.0,1.0,1.0,5.4,5.4,0.0,0.0
390.0,5.0,5.0,0.0,0.0,0.0,0.0,1.0,1.0,6.4,6.4,0.0,0.0
391.0,5.0,5.0,0.0,0.0,0.0,0.0,1.0,1.0,7.4,7.4,0.0,0.0
392.0,5.0,5.0,0.0,0.0,0.0,0.0,1.0,1.0,8.4,8.4,0.0,0.0
393.0,5.0,5.0,0.0,0.0,0.0,0.0,1.0,1.0,9.4,9.4,0.0,0.0
394.0,5.0,5.0,0.0,0.0,0.0,0.0,1.0,1.0,10.4,10.4,0.0,0.0
395.0,5.0,5.0,0.0,0.0,0.0,0.0,1.0,1.0,11.4,11.4,0.0,0.0
396.0,6.0,6.0,0.0,0.0,0.0,0.0,1.0,1.0,10.333333333333334,10.333333333333334,0.0,0.0
397.0,7.0,7.0,0.0,0.0,1.0,1.0,0.0,0.0,9.714285714285714,9.714285714285714,0.0,0.0
398.0,7.0,7.0,1.0,1.0,1.0,1.0,0.0,0.0,7.857142857142857,7.857142857142857,0.0,0.0
399.0,6.0,6.0,1.0,1.0,1.0,1.0,0.0,0.0,7.666666666666667,7.666666666666667,1.0,1.0
400.0,5.0,5.0,1.0,1.0,1.0,1.0,0.0,0.0,7.2,7.2,2.0,2.0
401.0,4.0,4.0,1.0,1.0,1.0,1.0,0.0,0.0,6.5,6.5,3.0,3.0
402.0,3.0,3.0,1.0,1.0,1.0,1.0,0.0,0.0,5.0,5.0,4.0,4.0
403.0,3.0,3.0,2.0,2.0,1.0,1.0,0.0,0.0,3.6666666666666665,3.6666666666666665,2.5,2.5
404.0,2.0,2.0,2.0,2.0,1.0,1.0,0.0,0.0,3.5,3.5,3.5,3.5
405.0,1.0,1.0,2.0,2.0,1.0,1.0,0.0,0.0,2.0,2.0,4.5,4.5
406.0,0.0,0.0,2.0,2.0,1.0,1.0,0.0,0.0,0.0,0.0,5.5,5.5
407.0,0.0,0.0,2.0,2.0,1.0,1.0,0.0,0.0,0.0,0.0,6.5,6.5
408.0,0.0,0.0,2.0,2.0,1.0,1.0,0.0,0.0,0.0,0.0,7.5,7.5
409.0,0.0,0.0,2.0,2.0,1.0,1.0,0.0,0.0,0.0,0.0,8.5,8.5
410.0,0.0,0.0,2.0,2.0,1.0,1.0,0.0,0.0,0.0,0.0,9.5,9.5
411.0,0.0,0.0,2.0,2.0,1.0,1.0,0.0,0.0,0.0,0.0,10.5,10.5
412.0,0.0,0.0,2.0,2.0,1.0,1.0,0.0,0.0,0.0,0.0,11.5,11.5
413.0,0.0,0.0,2.0,2.0,1.0,1.0,0.0,0.0,0.0,0.0,12.5,12.5
414.0,0.0,0.0,2.0,2.0,1.0,1.0,0.0,0.0,0.0,0.0,13.5,13.5
415.0,0.0,0.0,2.0,2.0,1.0,1.0,0.0,0.0,0.0,0.0,14.5,14.5
416.0,0.0,0.0,2.0,2.0,1.0,1.0,0.0,0.0,0.0,0.0,15.5,15.5
417.0,0.0,0.0,2.0,2.0,1.0,1.0,0.0,0.0,0.0,0.0,16.5,16.5
418.0,0.0,0.0,3.0,3.0,1.0,1.0,0.0,0.0,0.0,0.0,11.666666666666666,11.666666666666666
419.0,0.0,0.0,3.0,3.0,0.0,0.0,1.0,1.0,0.0,0.0,12.666666666666666,12.666666666666666
420.0,0.0,0.0,2.0,2.0,0.0,0.0,1.0,1.0,0.0,0.0,9.5,9.5
421.0,0.0,0.0,1.0,1.0,0.0,0.0,1.0,1.0,0.0,0.0,3.0,3.0
422.0,1.0,1.0,1.0,1.0,0.0,0.0,1.0,1.0,0.0,0.0,0.0,0.0
423.0,1.0,1.0,0.0,0.0,0.0,0.0,1.0,1.0,1.0,1.0,0.0,0.0
424.0,1.0,1.0,0.0,0.0,0.0,0.0,1.0,1.0,2.0,2.0,0.0,0.0
425.0,1.0,1.0,0.0,0.0,0.0,0.0,1.0,1.0,3.0,3.0,0.0,0.0
426.0,1.0,1.0,0.0,0.0,0.0,0.0,1.0,1.0,4.0,4.0,0.0,0.0
427.0,1.0,1.0,0.0,0.0,0.0,0.0,1.0,1.0,5.0,5.0,0.0,0.0
428.0,2.0,2.0,0.0,0.0,0.0,0.0,1.0,1.0,3.0,3.0,0.0,0.0
429.0,2.0,2.0,0.0,0.0,0.0,0.0,1.0,1.0,4.0,4.0,0.0,0.0
430.0,3.0,3.0,0.0,0.0,0.0,0.0,1.0,1.0,3.3333333333333335,3.3333333333333335,0.0,0.0
431.0,4.0,4.0,0.0,0.0,0.0,0.0,1.0,1.0,3.25,3.25,0.0,0.0
432.0,5.0,5.0,0.0,0.0,0.0,0.0,1.0,1.0,3.4,3.4,0.0,0.0
433.0,6.0,6.0,0.0,0.0,0.0,0.0,1.0,1.0,3.6666666666666665,3.6666666666666665,0.0,0.0
434.0,6.0,6.0,0.0,0.0,0.0,0.0,1.0,1.0,4.666666666666667,4.666666666666667,0.0,0.0
435.0,6.0,6.0,0.0,0.0,0.0,0.0,1.0,1.0,5.666666666666667,5.666666666666667,0.0,0.0
436.0,7.0,7.0,0.0,0.0,0.0,0.0,1.0,1.0,5.714285714285714,5.714285714285714,0.0,0.0
437.0,8.0,8.0,0.0,0.0,0.0,0.0,1.0,1.0,5.875,5.875,0.0,0.0
438.0,8.0,8.0,0.0,0.0,0.0,0.0,1.0,1.0,6.875,6.875,0.0,0.0
439.0,8.0,8.0,0.0,0.0,0.0,0.0,1.0,1.0,7.875,7.875,0.0,0.0
440.0,9.0,9.0,0.0,0.0,0.0,0.0,1.0,1.0,7.888888888888889,7.888888888888889,0.0,0.0
441.0,10.0,10.0,0.0,0.0,0.0,0.0,1.0,1.0,8.0,8.0,0.0,0.0
442.0,10.0,10.0,0.0,0.0,0.0,0.0,1.0,1.0,9.0,9.0,0.0,0.0
443.0,10.0,10.0,0.0,0.0,0.0,0.0,1.0,1.0,10.0,10.0,0.0,0.0
444.0,10.0,10.0,0.0,0.0,1.0,1.0,0.0,0.0,11.0,11.0,0.0,0.0
445.0,10.0,10.0,1.0,1.0,1.0,1.0,0.0,0.0,9.7,9.7,0.0,0.0
446.0,9.0,9.0,1.0,1.0,1.0,1.0,0.0,0.0,9.88888888888889,9.88888888888889,1.0,1.0
447.0,8.0,8.0,1.0,1.0,1.0,1.0,0.0,0.0,10.125,10.125,2.0,2.0
448.0,7.0,7.0,1.0,1.0,1.0,1.0,0.0,0.0,10.285714285714286,10.285714285714286,3.0,3.0
449.0,6.0,6.0,1.0,1.0,1.0,1.0,0.0,0.0,10.333333333333334,10.333333333333334,4.0,4.0
450.0,5.0,5.0,1.0,1.0,1.0,1.0,0.0,0.0,10.2,10.2,5.0,5.0
451.0,5.0,5.0,2.0,2.0,1.0,1.0,0.0,0.0,8.2,8.2,3.0,3.0
452.0,4.0,4.0,2.0,2.0,1.0,1.0,0.0,0.0,7.75,7.75,4.0,4.0
453.0,3.0,3.0,2.0,2.0,1.0,1.0,0.0,0.0,7.333333333333333,7.333333333333333,5.0,5.0
454.0,2.0,2.0,2.0,2.0,1.0,1.0,0.0,0.0,6.0,6.0,6.0,6.0
455.0,1.0,1.0,2.0,2.0,1.0,1.0,0.0,0.0,4.0,4.0,7.0,7.0
456.0,1.0,1.0,3.0,3.0,1.0,1.0,0.0,0.0,0.0,0.0,5.333333333333333,5.333333333333333
457.0,0.0,0.0,3.0,3.0,1.0,1.0,0.0,0.0,0.0,0.0,6.333333333333333,6.333333333333333
458.0,0.0,0.0,3.0,3.0,1.0,1.0,0.0,0.0,0.0,0.0,7.333333333333333,7.333333333333333
459.0,0.0,0.0,3.0,3.0,1.0,1.0,0.0,0.0,0.0,0.0,8.333333333333334,8.333333333333334
460.0,0.0,0.0,3.0,3.0,1.0,1.0,0.0,0.0,0.0,0.0,9.333333333333334,9.333333333333334
461.0,0.0,0.0,4.0,4.0,1.0,1.0,0.0,0.0,0.0,0.0,7.75,7.75
462.0,0.0,0.0,4.0,4.0,1.0,1.0,0.0,0.0,0.0,0.0,8.75,8.75
463.0,0.0,0.0,4.0,4.0,1.0,1.0,0.0,0.0,0.0,0.0,9.75,9.75
464.0,0.0,0.0,4.0,4.0,1.0,1.0,0.0,0.0,0.0,0.0,10.75,10.75
465.0,0.0,0.0,4.0,4.0,1.0,1.0,0.0,0.0,0.0,0.0,11.75,11.75
466.0,0.0,0.0,4.0,4.0,1.0,1.0,0.0,0.0,0.0,0.0,12.75,12.75
467.0,0.0,0.0,4.0,4.0,1.0,1.0,0.0,0.0,0.0,0.0,13.75,13.75
468.0,0.0,0.0,4.0,4.0,0.0,0.0,1.0,1.0,0.0,0.0,14.75,14.75
469.0,1.0,1.0,4.0,4.0,0.0,0.0,1.0,1.0,0.0,0.0,9.75,9.75
470.0,2.0,2.0,4.0,4.0,0.0,0.0,1.0,1.0,0.5,0.5,6.0,6.0
471.0,2.0,2.0,3.0,3.0,0.0,0.0,1.0,1.0,1.5,1.5,4.333333333333333,4.333333333333333
472.0,3.0,3.0,3.0,3.0,0.0,0.0,1.0,1.0,1.6666666666666667,1.6666666666666667,1.6666666666666667,1.6666666666666667
473.0,4.0,4.0,3.0,3.0,0.0,0.0,1.0,1.0,2.0,2.0,1.3333333333333333,1.3333333333333333
474.0,5.0,5.0,3.0,3.0,0.0,0.0,1.0,1.0,2.4,2.4,1.0,1.0
475.0,6.0,6.0,2.0,2.0,0.0,0.0,1.0,1.0,2.8333333333333335,2.8333333333333335,1.5,1.5
476.0,7.0,7.0,2.0,2.0,0.0,0.0,1.0,1.0,3.2857142857142856,3.2857142857142856,1.0,1.0
477.0,7.0,7.0,1.0,1.0,0.0,0.0,1.0,1.0,4.285714285714286,4.285714285714286,1.0,1.0
478.0,7.0,7.0,0.0,0.0,0.0,0.0,1.0,1.0,5.285714285714286,5.285714285714286,0.0,0.0
479.0,8.0,8.0,0.0,0.0,0.0,0.0,1.0,1.0,5.5,5.5,0.0,0.0
480.0,8.0,8.0,0.0,0.0,0.0,0.0,1.0,1.0,6.5,6.5,0.0,0.0
481.0,8.0,8.0,0.0,0.0,0.0,0.0,1.0,1.0,7.5,7.5,0.0,0.0
482.0,9.0,9.0,0.0,0.0,0.0,0.0,1.0,1.0,7.555555555555555,7.555555555555555,0.0,0.0
483.0,9.0,9.0,0.0,0.0,0.0,0.0,1.0,1.0,8.555555555555555,8.555555555555555,0.0,0.0
484.0,9.0,9.0,0.0,0.0,0.0,0.0,1.0,1.0,9.555555555555555,9.555555555555555,0.0,0.0
485.0,9.0,9.0,0.0,0.0,0.0,0.0,1.0,1.0,10.555555555555555,10.555555555555555,0.0,0.0
486.0,10.0,10.0,0.0,0.0,0.0,0.0,1.0,1.0,10.4,10.4,0.0,0.0
487.0,11.0,11.0,0.0,0.0,0.0,0.0,1.0,1.0,10.363636363636363,10.363636363636363,0.0,0.0
488.0,11.0,11.0,0.0,0.0,0.0,0.0,1.0,1.0,11.363636363636363,11.363636363636363,0.0,0.0
489.0,11.0,11.0,0.0,0.0,0.0,0.0,1.0,1.0,12.363636363636363,12.363636363636363,0.0,0.0
490.0,11.0,11.0,0.0,0.0,0.0,0.0,1.0,1.0,13.363636363636363,13.363636363636363,0.0,0.0
491.0,11.0,11.0,0.0,0.0,0.0,0.0,1.0,1.0,14.363636363636363,14.363636363636363,0.0,0.0
492.0,11.0,11.0,0.0,0.0,0.0,0.0,1.0,1.0,15.363636363636363,15.363636363636363,0.0,0.0
493.0,11.0,11.0,0.0,0.0,1.0,1.0,0.0,0.0,16.363636363636363,16.363636363636363,0.0,0.0
494.0,10.0,10.0,0.0,0.0,1.0,1.0,0.0,0.0,16.6,16.6,0.0,0.0
495.0,10.0,10.0,1.0,1.0,1.0,1.0,0.0,0.0,15.1,15.1,0.0,0.0
496.0,9.0,9.0,1.0,1.0,1.0,1.0,0.0,0.0,15.222222222222221,15.222222222222221,1.0,1.0
497.0,8.0,8.0,1.0,1.0,1.0,1.0,0.0,0.0,15.25,15.25,2.0,2.0
498.0,8.0,8.0,2.0,2.0,1.0,1.0,0.0,0.0,13.25,13.25,1.5,1.5
499.0,7.0,7.0,2.0,2.0,1.0,1.0,0.0,0.0,12.857142857142858,12.857142857142858,2.5,2.5
500.0,6.0,6.0,2.0,2.0,1.0,1.0,0.0,0.0,12.166666666666666,12.166666666666666,3.5,3.5
501.0,5.0,5.0,2.0,2.0,1.0,1.0,0.0,0.0,11.4,11.4,4.5,4.5
